<?xml version="1.0" encoding="UTF-8"?>
<project-private xmlns="http://www.netbeans.org/ns/project-private/1">
    <editor-bookmarks xmlns="http://www.netbeans.org/ns/editor-bookmarks/2" lastBookmarkId="0"/>
    <open-files xmlns="http://www.netbeans.org/ns/projectui-open-files/2">
        <group>
            <file>file:/C:/cygwin64/home/ljpalaciom/ST0245-033/proyecto/codigo/SistemaArchivos/src/sistemaarchivos/TipoCarpeta.java</file>
            <file>file:/C:/cygwin64/home/ljpalaciom/ST0245-033/proyecto/codigo/SistemaArchivos/src/sistemaarchivos/SistemaArchivos.java</file>
        </group>
    </open-files>
</project-private>
